BPA	21	2101	101	SANDINO
BPA	21	2102	106	MANTUA
BPA	21	2103	113	MINAS DE MATAHAMBRE
BPA	21	2104	116	VIÑALES
BPA	21	2105	120	LA PALMA
BPA	21	2106	138	LOS PALACIOS
BPA	21	2107	142	CONSOLACION DEL SUR
BPA	21	2108	149	MARTI 61
BPA	21	2108	150	ALAMEDA
BPA	21	2108	153	PINAR DEL RIO
BPA	21	2109	156	SAN LUIS (PINAR DEL RIO)
BPA	21	2110	161	SAN JUAN Y MARTINEZ
BPA	21	2111	164	GUANES
BPA	22	2201	124	BAHIA HONDA
BPA	22	2202	172	CABAÑAS
BPA	22	2202	173	MARIEL
BPA	22	2203	175	GUANAJAY
BPA	22	2204	177	CAIMITO
BPA	22	2205	180	BAUTA
BPA	22	2206	184	SAN ANTONIO DE LOS BAÑOS
BPA	22	2207	223	GUIRA DE MELENA
BPA	22	2208	225	ALQUIZAR
BPA	22	2209	227	ARTEMISA
BPA	22	2210	131	CANDELARIA
BPA	22	2211	135	SAN CRISTOBAL
BPA	23	2301	220	SUCURSAL 2202
BPA	24	2401	187	BEJUCAL
BPA	24	2402	189	LIBERACION
BPA	24	2402	190	SAN ANTONIO DE LAS VEGAS
BPA	24	2402	191	SAN JOSÉ DE LAS LAJAS
BPA	24	2403	193	JARUCO
BPA	24	2404	196	ARCOS DE CANASI
BPA	24	2404	197	SANTA CRUZ DEL NORTE
BPA	24	2405	200	AGUACATE
BPA	24	2406	203	NUEVA PAZ
BPA	24	2407	205	SAN NICOLAS DE BARI
BPA	24	2408	207	CATALINA DE GÜINES
BPA	24	2408	209	GUINES
BPA	24	2409	211	MELENA DEL SUR
BPA	24	2410	213	BATABANO
BPA	24	2411	216	LA SALUD
BPA	24	2411	217	QUIVICAN
BPA	25	2501	341	CONTRERAS
BPA	25	2501	345	MATANZAS
BPA	25	2502	349	CARDENAS
BPA	25	2502	351	VARADERO
BPA	25	2503	353	MARTI
BPA	25	2504	357	COLON
BPA	25	2505	360	MAXIMO GOMEZ
BPA	25	2505	361	PERICO
BPA	25	2506	364	CARLOS ROJAS
BPA	25	2506	365	JOVELLANOS
BPA	25	2507	368	BOLONDRON
BPA	25	2507	369	PEDRO BETANCOURT
BPA	25	2508	371	LIMONAR
BPA	25	2509	374	ALACRANES
BPA	25	2509	375	JUAN GUALBERTO GOMEZ
BPA	25	2509	376	SAN ANTONIO DE CABEZAS
BPA	25	2509	377	UNION DE REYES
BPA	25	2511	382	AGRAMONTE
BPA	25	2511	383	JAGUEY GRANDE
BPA	25	2512	385	CALIMETE
BPA	25	2512	386	AMARILLAS
BPA	25	2513	388	LOS ARABOS
BPA	26	2601	393	CORRALILLO
BPA	26	2601	396	RANCHO VELOZ
BPA	26	2602	399	QUEMADO DE GUINES
BPA	26	2603	403	SAGUA LA GRANDE
BPA	26	2604	406	CALABAZAR DE SAGUA
BPA	26	2604	407	ENCRUCIJADA
BPA	26	2605	409	CAMAJUANI
BPA	26	2605	410	SAN ANTONIO DE VUELTAS
BPA	26	2606	415	CAIBARIEN
BPA	26	2607	418	ZULUETA
BPA	26	2607	419	REMEDIOS
BPA	26	2608	423	PLACETAS
BPA	26	2609	426	TRISTA
BPA	26	2609	427	TEXTILERA SANTA CLARA
BPA	26	2609	428	PLANTA MECANICA
BPA	26	2609	429	GUAJUMA
BPA	26	2609	430	PARQUE VIDAL
BPA	26	2609	431	CUBA Y CANDELARIA
BPA	26	2609	433	HOSPITAL
BPA	26	2610	435	SAN DIEGO DEL VALLE
BPA	26	2610	436	CIFUENTES
BPA	26	2611	439	MANACAS
BPA	26	2611	440	SANTO DOMINGO
BPA	26	2612	442	SAN JUAN DE LOS YERAS
BPA	26	2612	443	ESPERANZA
BPA	26	2612	444	RANCHUELO
BPA	26	2613	448	MANICARAGUA
BPA	27	2701	454	AGUADA DE PASAJEROS
BPA	27	2702	459	RODAS
BPA	27	2703	463	SAN FERNANDO DE CAMARONES
BPA	27	2703	464	PALMIRA
BPA	27	2704	466	LAJAS
BPA	27	2705	469	CRUCES
BPA	27	2706	473	CUMANAYAGUA
BPA	27	2706	474	CUATRO VIENTOS
BPA	27	2707	479	LA CALZADA
BPA	27	2707	480	CIUDAD NUCLEAR
BPA	27	2707	481	CALLE 35 NO.5603 % 56 Y 58
BPA	27	2707	482	BULEVAR
BPA	27	2708	486	ABREUS
BPA	27	2708	487	HORQUITA
BPA	28	2801	493	MAYAJIGUA
BPA	28	2801	494	YAGUAJAY
BPA	28	2802	498	JATIBONICO
BPA	28	2803	502	TAGUASCO
BPA	28	2803	503	ZAZA DEL MEDIO
BPA	28	2804	507	GUAYOS
BPA	28	2804	508	CABAIGUAN
BPA	28	2805	511	FOMENTO
BPA	28	2806	515	TRINIDAD
BPA	28	2807	520	BARRIO COLON
BPA	28	2807	521	MAXIMO GOMEZ
BPA	28	2807	522	12 PLANTAS SANCTI SPIRITUS
BPA	28	2807	523	SANCTI SPIRITUS
BPA	28	2808	524	LA SIERPE
BPA	29	2901	532	PUNTA ALEGRE
BPA	29	2901	533	CHAMBAS
BPA	29	2902	537	MORON
BPA	29	2903	539	BOLIVIA
BPA	29	2904	541	VIOLETA
BPA	29	2905	543	PINA
BPA	29	2906	545	FLORENCIA
BPA	29	2906	547	TAMARINDO
BPA	29	2907	549	MAJAGUA
BPA	29	2908	551	LIBERTAD
BPA	29	2908	552	INDEPENDENCIA Y S. REYES
BPA	29	2908	553	CIEGO DE AVILA
BPA	29	2908	555	CEBALLOS
BPA	29	2909	557	VENEZUELA
BPA	29	2910	559	GASPAR
BPA	30	3001	565	CESPEDES
BPA	30	3002	568	CENTRAL BRASIL
BPA	30	3002	569	ESMERALDA
BPA	30	3003	572	SOLA
BPA	30	3004	574	LUGAREÑO
BPA	30	3004	575	MINAS
BPA	30	3005	577	NUEVITAS
BPA	30	3005	580	CAMALOTE
BPA	30	3006	581	GUAIMARO
BPA	30	3007	583	SIBANICU
BPA	30	3008	587	LA CARIDAD
BPA	30	3008	588	DESMONTE
BPA	30	3008	589	JULIO ANTONIO MELLA
BPA	30	3008	594	LA VIGIA
BPA	30	3008	595	CISNEROS 224
BPA	30	3008	596	REPUBLICA
BPA	30	3009	599	FLORIDA
BPA	30	3010	604	VERTIENTES
BPA	30	3011	609	JIMAGUAYU
BPA	30	3013	614	SANTA CRUZ DEL SUR
BPA	31	3101	621	MANATI
BPA	31	3102	626	PUERTO PADRE
BPA	31	3103	632	JESUS MENENDEZ
BPA	31	3104	637	CALIXTO
BPA	31	3104	639	CENTRAL MAJIBACOA
BPA	31	3105	640	CENTRO COMERCIAL
BPA	31	3105	642	BUENA VISTA
BPA	31	3105	643	LAS TUNAS
BPA	31	3106	646	JOBABO
BPA	31	3107	651	COLOMBIA
BPA	31	3108	654	AMANCIO RODRIGUEZ
BPA	32	3201	663	VELASCO
BPA	32	3201	665	GIBARA
BPA	32	3202	669	SANTA LUCIA
BPA	32	3203	675	BANES
BPA	32	3204	677	ANTILLA
BPA	32	3205	680	TACAJO
BPA	32	3205	681	BAGUANOS
BPA	32	3206	684	SAN FIEL
BPA	32	3206	685	ALCIDES PINO
BPA	32	3206	686	PEDRO DIAZ COELLO
BPA	32	3206	687	GELMA- HOLGUÍN
BPA	32	3206	689	SAN ANDRES
BPA	32	3206	690	AGUILERA
BPA	32	3206	691	MARTI
BPA	32	3206	692	LENIN
BPA	32	3206	693	VISTA ALEGRE
BPA	32	3207	694	BUENAVENTURA
BPA	32	3208	698	CACOCUM
BPA	32	3209	703	SAN GERMAN
BPA	32	3210	707	CUETO
BPA	32	3211	712	NICARO
BPA	32	3211	713	MAYARI
BPA	32	3212	717	FRANK PAIS
BPA	32	3213	723	SAGUA DE TANAMO
BPA	32	3214	726	MOA
BPA	32	3214	727	NUEVO MOA
BPA	33	3301	731	RIO CAUTO
BPA	33	3302	735	CAUTO CRISTO
BPA	33	3303	737	SANTA RITA
BPA	33	3303	738	JIGUANI
BPA	33	3304	743	PERUCHO FIGUEREDO
BPA	33	3304	746	NUEVO BAYAMO
BPA	33	3304	747	BAYAMO
BPA	33	3305	751	YARA
BPA	33	3306	755	MANZANILLO (MERCHAN)
BPA	33	3306	756	PAQUITO ROSALES
BPA	33	3306	757	CELIA SANCHEZ MANDULEY
BPA	33	3306	759	MANZANILLO (CODINA)
BPA	33	3307	762	CAMPECHUELA
BPA	33	3309	770	NIQUERO
BPA	33	3310	773	PILON
BPA	33	3311	779	BARTOLOME MASO
BPA	33	3312	783	BUEY ARRIBA
BPA	33	3313	786	GUISA
BPA	34	3401	791	CONTRAMAESTRE
BPA	34	3403	803	SAN LUIS (STGO.DE CUBA)
BPA	34	3404	806	SEGUNDO FRENTE
BPA	34	3405	810	LA MAYA
BPA	34	3405	811	LOS REYNALDOS
BPA	34	3406	815	ENRAMADA Y FELIX PENA
BPA	34	3406	816	DISTRITO JOSE MARTI
BPA	34	3406	818	EL CRISTO
BPA	34	3406	819	MARTI Y BARNADA
BPA	34	3406	825	EL CANEY
BPA	34	3406	826	EL COBRE
BPA	34	3406	828	ENRAMADA Y CORONA
BPA	34	3406	829	PLAZA DE DOLORES
BPA	34	3406	831	GARZON Y 3RA
BPA	34	3407	833	PALMA SORIANO
BPA	35	3504	869	BARACOA
BPA	35	3509	860	PRADO
BPA	35	3509	863	LOS MACEO
BPA	35	3509	865	HOSPITAL GENERAL AGUSTINO NETO
BPA	40	4001	896	SANTA FE (I. DE LA JUVENTUD)
BPA	40	4001	897	GERONA
BPA	40	4001	898	18 Y 45
BANDEC	21	2101	104	Sucursal 1041 Las Martinas
BANDEC	21	2101	105	Sucursal 1051 Sandino
BANDEC	21	2102	108	Sucursal 1081 Mantua
BANDEC	21	2103	114	Sucursal 1141 Minas de Matahambre
BANDEC	21	2104	118	Sucursal 1181 Viñales
BANDEC	21	2105	122	Sucursal 1221 La Palma
BANDEC	22	2201	128	Sucursal 1281 Bahía Honda
BANDEC	22	2210	132	Sucursal 1321 Candelaria
BANDEC	22	2211	136	Sucursal 1361 San Cristóbal
BANDEC	21	2106	140	Sucursal 1401 Los Palacios
BANDEC	21	2107	146	Sucursal 1461 Consolación del Sur
BANDEC	21	2108	154	Sucursal 1541 Pinar del Río
BANDEC	21	2108	155	Sucursal 1551 Pinar del Río
BANDEC	21	2108	156	Sucursal 1561 Pinar del Río
BANDEC	21	2109	158	Sucursal 1581 San Luis
BANDEC	21	2108	159	Sucursal 1591 Pinar del Río
BANDEC	21	2110	162	Sucursal 1621 San Juan y Martínez
BANDEC	21	2111	166	Sucursal 1661 Guane
BANDEC	21	2108	170	Dirección Provincial 1701 Pinar del Río
BANDEC	22	2202	174	Sucursal 1741 Mariel
BANDEC	22	2203	176	Sucursal 1761 Guanajay
BANDEC	22	2204	178	Sucursal 1781 Caimito
BANDEC	22	2205	182	Sucursal 1821 Bauta
BANDEC	22	2206	186	Sucursal 1861 San Antonio
BANDEC	24	2401	188	Sucursal 1881 Bejucal
BANDEC	24	2402	192	Sucursal 1921 San José
BANDEC	24	2403	194	Sucursal 1941 Jaruco
BANDEC	24	2404	198	Sucursal 1981 Santa Cruz del Norte
BANDEC	22	2209	201	Centro Contable Provincia Artemisa
BANDEC	24	2405	202	Sucursal 2021 Madruga
BANDEC	24	2406	204	Sucursal 2041 Nueva Paz
BANDEC	24	2407	206	Sucursal 2061 San Nicolás
BANDEC	24	2408	210	Sucursal 2101 Guines
BANDEC	24	2409	212	Sucursal 2121 Melena del Sur
BANDEC	24	2410	214	Sucursal 2141 Batabanó
BANDEC	24	2411	218	Sucursal 2181 Quivicán
BANDEC	24	2402	221	Centro Contable Provincia Mayabeque
BANDEC	22	2207	224	Sucursal 2241 Güira de Melena
BANDEC	22	2208	226	Sucursal 2261 Alquízar
BANDEC	22	2209	228	Sucursal 2281 Artemisa
BANDEC	23	2304	230	Sucursal 2301 Aguiar y Obispo
BANDEC	23	2304	232	Centro Contable 2321 Provincia Habana
BANDEC	23	2302	254	Sucursal 2541 MINFAR
BANDEC	23	2302	257	Sucursal 2571 MININT 
BANDEC	23	2302	261	Sucursal 2611 MINAZ
BANDEC	23	2304	269	Sucursal 2691
BANDEC	25	2501	345	Sucursal 3451 Estado Mayor Ejército Central
BANDEC	25	2501	346	Sucursal 3461 Matanzas
BANDEC	25	2501	347	Sucursal 3471 Matanzas
BANDEC	25	2502	350	Sucursal 3501 Cárdenas
BANDEC	25	2502	352	Sucursal 3521 Varadero
BANDEC	25	2503	354	Sucursal 3541 Martí
BANDEC	25	2504	358	Sucursal 3581 Colón
BANDEC	25	2505	362	Sucursal 3621 Perico
BANDEC	25	2506	366	Sucursal 3661 Jovellanos
BANDEC	25	2507	370	Sucursal 3701 Pedro Betancourt
BANDEC	25	2508	372	Sucursal 3721 Limonar
BANDEC	25	2509	378	Sucursal 3781 Unión de Reyes
BANDEC	25	2510	380	Sucursal 3801 Cienaga de Zapata
BANDEC	25	2511	384	Sucursal 3841 Jagüey Grande
BANDEC	25	2512	386	Sucursal 3861 Calimete
BANDEC	25	2513	389	Sucursal 3891 Los Arabos
BANDEC	25	2501	392	Dirección Provincial 3921 Matanzas
BANDEC	26	2601	398	Sucursal Corralillo 3981
BANDEC	26	2602	400	Sucursal 4001 Quemado de Güines
BANDEC	26	2603	404	Sucursal 4041 Sagua la Grande
BANDEC	26	2604	408	Sucursal 4081 Encrucijada
BANDEC	26	2605	412	Sucursal 4121 Camajuaní
BANDEC	26	2606	416	Sucursal 4161 Caibarién
BANDEC	26	2607	420	Sucursal 4201 Remedios
BANDEC	26	2608	424	Sucursal 4241 Placetas
BANDEC	26	2609	432	Sucursal 4321 Santa Clara
BANDEC	26	2609	433	Sucursal 4331 Santa Clara
BANDEC	26	2609	434	Sucursal 4341 Santa Clara
BANDEC	26	2609	435	Sucursal 4351 Santa Clara
BANDEC	26	2609	436	Sucursal 4361 Santa Clara MININT
BANDEC	26	2610	437	Sucursal 4371 Cifuentes
BANDEC	26	2611	441	Sucursal 4411 Santo Domingo
BANDEC	26	2612	445	Sucursal 4451 Ranchuelo
BANDEC	26	2613	449	Sucursal 4491 Manicaragua
BANDEC	26	2609	453	Dirección Provincial 4531 Santa Clara
BANDEC	27	2701	457	Sucursal 4571 Aguada
BANDEC	27	2702	461	Sucursal 4611 Rodas
BANDEC	27	2703	465	Sucursal 4651 Palmira
BANDEC	27	2704	467	Sucursal  4671 Lajas
BANDEC	27	2705	471	Sucursal 4711 Cruces
BANDEC	27	2706	475	Sucursal 4751 Cumanayagua
BANDEC	27	2707	482	Sucursal 4821 Cienfuegos
BANDEC	27	2707	483	Sucursal 4831 Cienfuegos
BANDEC	27	2708	487	Sucursal 4871 Abreus
BANDEC	27	2707	490	Dirección Provincial 4901 Cienfuegos
BANDEC	28	2801	496	Sucursal 4961 Yaguajay 
BANDEC	28	2802	500	Sucursal 5001 Jatibonico
BANDEC	28	2803	504	Sucursal 5041 Taguasco
BANDEC	28	2804	510	Sucursal 5101 Cabaiguán
BANDEC	28	2805	512	Sucursal 5121 Fomento
BANDEC	28	2807	513	Sucursal 5131 Sancti Spíritus
BANDEC	28	2806	518	Sucursal 5181 Trinidad
BANDEC	28	2807	524	Sucursal 5241 Sancti Spíritus
BANDEC	28	2807	525	Sucursal 5251 Sancti Spíritus
BANDEC	28	2808	528	Sucursal 5281 La Sierpe
BANDEC	28	2807	530	Dirección Provincial  5301 Sancti Spíritus
BANDEC	29	2901	534	Sucursal 5341 Chambas
BANDEC	29	2902	538	Sucursal 5381 Morón
BANDEC	29	2902	539	Sucursal 5391 Cayo COCO
BANDEC	29	2903	540	Sucursal 5401 Bolivia
BANDEC	29	2904	542	Sucursal 5421 Primero de Enero
BANDEC	29	2905	544	Sucursal 5441 Ciro Redondo
BANDEC	29	2906	546	Sucursal 5461 Florencia
BANDEC	29	2907	550	Sucursal 5501 Majagua
BANDEC	29	2908	554	Sucursal 5541 Ciego de Ávila
BANDEC	29	2908	555	Sucursal 5551 Imprenta
BANDEC	29	2908	556	Sucursal 5561 Ciego de Ávila
BANDEC	29	2909	558	Sucursal 5581 Venezuela
BANDEC	29	2910	560	Sucursal 5601 Baraguá
BANDEC	29	2908	564	Dirección Provincial 5641 Ciego de Ávila
BANDEC	30	3001	566	Sucursal 5661 Céspedes
BANDEC	30	3002	570	Sucursal 5701 Esmeralda
BANDEC	30	3003	573	Sucursal 5731 Sola
BANDEC	30	3004	576	Sucursal 5761 Minas
BANDEC	30	3005	578	Sucursal 5781 Nuevitas
BANDEC	30	3005	579	Sucursal 5791 Santa Lucía
BANDEC	30	3006	582	Sucursal 5821 Guáimaro
BANDEC	30	3007	584	Sucursal 5841 Sibanicú
BANDEC	30	3008	596	Sucursal 5961 Camagüey
BANDEC	30	3008	597	Sucursal 5971 Camagüey
BANDEC	30	3008	598	Sucursal 5981 Camagüey
BANDEC	30	3009	602	Sucursal 6021 Florida
BANDEC	30	3010	606	Sucursal 6061 Vertientes
BANDEC	30	3011	610	Sucursal 6101 Jimaguayú
BANDEC	30	3012	612	Sucursal 6121 Najasa
BANDEC	30	3013	616	Sucursal 6161 Santa Cruz del Sur
BANDEC	30	3008	620	Dirección Provincial 6201 Camagüey
BANDEC	31	3101	624	Sucursal 6241 Manatí 
BANDEC	31	3102	630	Sucursal 6301 Puerto Padre
BANDEC	31	3103	634	Sucursal 6341 Jesús Menéndez
BANDEC	31	3104	638	Sucursal 6381 Majibacoa
BANDEC	31	3105	644	Sucursal 6441 Las Tunas
BANDEC	31	3105	646	Sucursal 6461 Las Tunas
BANDEC	31	3106	648	Sucursal 6481 Jobabo
BANDEC	31	3107	652	Sucursal 6521 Colombia
BANDEC	31	3108	656	Sucursal 6561 Amancio
BANDEC	31	3105	660	Dirección Provincial 6601 Las Tunas
BANDEC	31	3105	662	Sucursal 6621 MININT Las Tunas
BANDEC	31	3105	663	Sucursal 6631 Las Tunas III
BANDEC	32	3208	665	Sucursal 6651 Cacocum
BANDEC	32	3201	666	Sucursal 6661 Gibara
BANDEC	32	3201	667	Sucursal 6671 Velazco
BANDEC	32	3202	670	Sucursal 6701 R.Freyre
BANDEC	32	3203	676	Sucursal 6761 Banes
BANDEC	32	3204	678	Sucursal 6781 Antilla
BANDEC	32	3205	682	Sucursal 6821 Baguanos
BANDEC	32	3206	691	Centro de ATM Holguín
BANDEC	32	3206	692	Sucursal 6921 Holguín
BANDEC	32	3206	693	Sucursal 6931 Holguín
BANDEC	32	3206	694	Sucursal 6941 Holguín
BANDEC	32	3207	695	Sucursal 6951 Calixto García
BANDEC	32	3206	696	Sucursal 6961 Holguín
BANDEC	32	3206	697	Sucursal 6971 MINFAR
BANDEC	32	3206	699	Sucursal 6991 Holguín
BANDEC	32	3208	700	Sucursal 7001 Holguín
BANDEC	32	3209	704	Sucursal 7041 Urbano Noris
BANDEC	32	3210	708	Sucursal 7081 Cueto
BANDEC	32	3211	714	Sucursal 7141 Mayarí
BANDEC	32	3212	718	Sucursal 7181 Frank País
BANDEC	32	3213	724	Sucursal 7241 Sagua de Tanámo
BANDEC	32	3206	730	Dirección Provincial 7301 Holguín
BANDEC	33	3301	734	Sucursal 7341 Río Cauto
BANDEC	33	3302	736	Sucursal 7361 Cauto Cristo
BANDEC	33	3303	740	Sucursal 7401 Jiguaní
BANDEC	33	3304	747	Sucursal 7471 Bayamo
BANDEC	33	3304	748	Sucursal 7481 Bayamo
BANDEC	33	3304	749	Sucursal 7491 Bayamo
BANDEC	33	3305	752	Sucursal 7521 Yara
BANDEC	33	3306	760	Sucursal 7601 Manzanillo
BANDEC	33	3306	761	Sucursal 7611 Manzanillo
BANDEC	33	3307	764	Sucursal 7641 Campechuela
BANDEC	33	3308	768	Sucursal 7681 Media Luna
BANDEC	33	3309	772	Sucursal 7721 Niquero
BANDEC	33	3310	776	Sucursal 7761 Pilón
BANDEC	33	3311	780	Sucursal 7801 Bartolomé Masó
BANDEC	33	3312	784	Sucursal 7841 Buey Arriba
BANDEC	33	3313	788	Sucursal 7881 Guisa
BANDEC	33	3304	790	Dirección Provincial 7901 Bayamo
BANDEC	34	3401	794	Sucursal 7941 Contramaestre
BANDEC	34	3402	798	Sucursal 7981 MELLA
BANDEC	34	3403	804	Sucursal 8041 San Luis
BANDEC	34	3404	808	Sucursal 8081 II Frente
BANDEC	34	3405	814	Sucursal 8141 Songo La Maya
BANDEC	34	3406	830	Sucursal 8301 Santiago de Cuba
BANDEC	34	3406	831	Sucursal 8311 Santiago de Cuba
BANDEC	34	3406	832	Sucursal 8321 Santiago de Cuba
BANDEC	34	3406	833	Sucursal 8331 Santiago de Cuba
BANDEC	34	3406	834	Sucursal 8341 Ramón de las Yaguas
BANDEC	34	3406	835	Sucursal 8351 Santiago de Cuba
BANDEC	34	3407	838	Sucursal 8381 Palma Soriano
BANDEC	34	3406	839	Sucursal 8391 Santiago de Cuba
BANDEC	34	3406	840	Sucursal 8401 Santiago de Cuba
BANDEC	34	3408	842	Sucursal 8421 III Frente
BANDEC	34	3408	843	Sucursal 8431 Matías
BANDEC	34	3409	846	Sucursal 8461 Guamá
BANDEC	34	3406	847	Centro de ATM Santiago de Cuba
BANDEC	34	3406	850	Dirección Provincial 8501 Santiago de Cuba
BANDEC	35	3501	851	Sucursal 8512 El Salvador
BANDEC	35	3501	852	Oficina de Trámite 8521 Bayate
BANDEC	35	3501	853	Oficina de Trámite 8531 Costa Rica
BANDEC	35	3509	857	Sucursal 8572 Reparto Caribe
BANDEC	35	3509	858	Sucursal 8582 Reparto Obrero
BANDEC	35	3509	859	Sucursal 8592 Zona Sur
BANDEC	35	3509	862	Sucursal 8621 Guantánamo
BANDEC	35	3509	863	Sucursal 8631 Guantánamo
BANDEC	35	3509	864	Sucursal 8641 Guantánamo
BANDEC	35	3502	867	Oficina de Trámite 8671 La Tagua
BANDEC	35	3502	868	Sucursal 8681 Jamaica
BANDEC	35	3503	869	Sucursal 8691 Yateras
BANDEC	35	3504	872	Sucursal 8721 Baracoa
BANDEC	35	3505	876	Sucursal 8761 Maisí
BANDEC	35	3506	877	Sucursal 8772 Imías
BANDEC	35	3507	882	Sucursal 8821 San Antonio del Sur
BANDEC	35	3502	883	Sucursal 8832 Manuel Tames
BANDEC	35	3508	885	Sucursal 8852 Caimanera
BANDEC	35	3510	887	Sucursal 8872 Niceto Perez
BANDEC	35	3509	890	Dirección Provincial  8901 Guantánamo
BANDEC	40	4001	898	Sucursal 898 Isla de la Juventud
BANDEC	40	4001	899	Sucursal 8991 Cayo Largo
BANDEC	23	2304	918	Sucursal 9181
BANDEC	23	2304	949	Sucursal de Operaciones
BANDEC	23	2304	960	Centro Contable SLBTR
BANDEC	23	2304	980	Centro Contable 9801 DAFI
BANDEC	23	2304	999	Sucursal Electrónica
BANMET	23	2301	238	41 y 46
BANMET	23	2301	239	ELAM
BANMET	23	2301	240	Santa Fé
BANMET	23	2301	241	5ta y 84
BANMET	23	2301	242	42 y 29
BANMET	23	2301	244	31 y 42
BANMET	23	2301	232	Palacio de las Convenciones
BANMET	23	2301	233	5TA Y 112
BANMET	23	2302	281	Línea y M
BANMET	23	2302	235	MINAGRI
BANMET	23	2302	260	Consejo de Ministro
BANMET	23	2302	245	26 y 37
BANMET	23	2302	246	MITRANS
BANMET	23	2302	247	23 y Montero Sánchez
BANMET	23	2302	248	FOCSA
BANMET	23	2302	250	Línea y Paseo
BANMET	23	2302	251	23 y J
BANMET	23	2302	252	MICONS
BANMET	23	2302	253	Terminal de Omnibus
BANMET	23	2302	264	La Rampa
BANMET	23	2303	254	Belascoain y San José
BANMET	23	2303	258	Galiano y San José
BANMET	23	2303	259	Zanja y Belascoain
BANMET	23	2304	262	Cuba y O' Reilly
BANMET	23	2304	263	Monte y Carmen
BANMET	23	2304	266	O' Reilly y Compostela
BANMET	23	2304	267	Prado y Ánimas
BANMET	23	2305	270	Regla y Aranguren
BANMET	23	2306	271	5ta e/ 478 y 480
BANMET	23	2306	272	Camilo Cienfuegos
BANMET	23	2306	274	Alamar- Zona 6
BANMET	23	2306	275	5ta e/ 470 y 472
BANMET	23	2306	276	Villa Panamericana
BANMET	23	2306	277	Guiteras
BANMET	23	2306	278	12 Plantas
BANMET	23	2306	284	Academia Militar
BANMET	23	2306	289	Campo Florido
BANMET	23	2307	279	Pepe Antonio
BANMET	23	2307	280	Martí
BANMET	23	2308	286	Czda Guines
BANMET	23	2308	288	Czda de Guanabacoa
BANMET	23	2308	282	San Francisco
BANMET	23	2309	302	Concha y Fábrica
BANMET	23	2309	293	Concha y Luyanó
BANMET	23	2309	294	10 de Octubre y Patrocinio
BANMET	23	2309	295	10 de Octubre y Luyanó
BANMET	23	2309	296	Juan Delgado y Lacret
BANMET	23	2309	297	Mónaco
BANMET	23	2309	298	Dolores y 18
BANMET	23	2309	300	10 de Octubre y Lacret
BANMET	23	2310	303	Casino Deportivo
BANMET	23	2310	304	Cerro y Arzobispo
BANMET	23	2310	307	Ayestarán y Aranguren
BANMET	23	2311	311	Calle 82 e/ 33 y 33A
BANMET	23	2311	313	Le Van Tan
BANMET	23	2311	314	51 y 112
BANMET	23	2312	315	Ave 51 e/ 210 y 212
BANMET	23	2312	320	Arroyo Arenas
BANMET	23	2313	321	Altahabana
BANMET	23	2313	322	Wajay
BANMET	23	2313	323	Santiago de las Vegas
BANMET	23	2313	324	Boyeros
BANMET	23	2313	326	100 y Boyeros
BANMET	23	2313	328	Aeropuerto
BANMET	23	2314	331	Managua
BANMET	23	2314	332	La Guinera
BANMET	23	2314	333	10 de Octubre y Bellavista
BANMET	23	2314	334	La Lira
BANMET	23	2315	336	Centro Cotorro
BANMET	23	2315	338	Las Brisas
