4289476	4	Apertura o traslado de cuenta de ahorro
4289476	5	Certificaciones o estados de cuentas
4289476	6	Solicitud o ampliación de créditos
4289476	7	Solicitud de cheque de Gerencia
4289476	8	Obtención de título de propiedad
4289476	9	Operaciones de Caja
4289476	11	Trámite de beneficiarios y herederos
4289476	12	Contratación telebanca y reimpresión pin
4289476	13	Traslado de adeudos de Créditos y LGV
4289476	14	Certifico de adeudos/operaciones
4289477	4	Apertura o traslado de cuenta de Ahorro
4289477	5	Certificaciones o estados de cuentas
4289477	6	Solicitud o ampliación de créditos
4289477	7	Solicitud de cheque de Gerencia
4289477	9	Operaciones de Caja
4289477	11	Trámite de beneficiarios y herederos
4289477	12	Contratación telebanca y reimpresión pin
4289477	13	Traslado de adeudos de Créditos y LGV
4289477	14	Certifico de adeudos/operaciones
4289478	4	Apertura o traslado de cuenta de Ahorro
4289478	5	Certificaciones o estados de cuentas
4289478	6	Solicitud o ampliación de créditos
4289478	7	Solicitud de cheque de Gerencia
4289478	9	Operaciones de Caja
4289478	10	Extracciones por el Cajero automático
4289478	11	Trámite de beneficiarios y herederos
4289478	12	Contratación telebanca y reimpresión pin
4289478	13	Traslado de adeudos de Créditos y LGV
4289478	14	Certifico de adeudos/operaciones
4289479	4	Apertura o traslado de cuenta de Ahorro
4289479	5	Certificaciones o estados de cuentas
4289479	6	Solicitud o ampliación de créditos
4289479	7	Solicitud de cheque de Gerencia
4289479	8	Obtención de título de propiedad
4289479	9	Operaciones de Caja
4289479	11	Trámite de beneficiarios y herederos
4289479	12	Contratación telebanca y reimpresión pin
4289479	13	Traslado de adeudos de Créditos y LGV
4289479	14	Certifico de adeudos/operaciones
4289480	10	Extracciones por el Cajero automático
4289481	4	Apertura o traslado de cuenta de Ahorro
4289481	5	Certificaciones o estados de cuentas
4289481	6	Solicitud o ampliación de créditos
4289481	7	Solicitud de cheque de Gerencia
4289481	8	Obtención de título de propiedad
4289481	9	Operaciones de Caja
4289481	11	Trámite de beneficiarios y herederos
4289481	12	Contratación telebanca y reimpresión pin
4289481	13	Traslado de adeudos de Créditos y LGV
4289481	14	Certifico de adeudos/operaciones
4289482	4	Apertura o traslado de cuenta de Ahorro
4289482	5	Certificaciones o estados de cuentas
4289482	6	Solicitud o ampliación de créditos
4289482	7	Solicitud de cheque de Gerencia
4289482	9	Operaciones de Caja
4289482	11	Trámite de beneficiarios y herederos
4289482	12	Contratación telebanca y reimpresión pin
4289482	13	Traslado de adeudos de Créditos y LGV
4289482	14	Certifico de adeudos/operaciones
4289483	4	Apertura o traslado de cuenta de Ahorro
4289483	5	Certificaciones o estados de cuentas
4289483	6	Solicitud o ampliación de créditos
4289483	7	Solicitud de cheque de Gerencia
4289483	9	Operaciones de Caja
4289483	10	Extracciones por el Cajero automático
4289483	11	Trámite de beneficiarios y herederos
4289483	12	Contratación telebanca y reimpresión pin
4289483	13	Traslado de adeudos de Créditos y LGV
4289483	14	Certifico de adeudos/operaciones
4289484	4	Apertura o traslado de cuenta de Ahorro
4289484	5	Certificaciones o estados de cuentas
4289484	6	Solicitud o ampliación de créditos
4289484	7	Solicitud de cheque de Gerencia
4289484	8	Obtención de título de propiedad
4289484	9	Operaciones de Caja
4289484	11	Trámite de beneficiarios y herederos
4289484	12	Contratación telebanca y reimpresión pin
4289484	13	Traslado de adeudos de Créditos y LGV
4289484	14	Certifico de adeudos/operaciones
4289485	4	Apertura o traslado de cuenta de Ahorro
4289485	5	Certificaciones o estados de cuentas
4289485	6	Solicitud o ampliación de créditos
4289485	7	Solicitud de cheque de Gerencia
4289485	9	Operaciones de Caja
4289485	10	Extracciones por el Cajero automático
4289485	11	Trámite de beneficiarios y herederos
4289485	12	Contratación telebanca y reimpresión pin
4289485	13	Traslado de adeudos de Créditos y LGV
4289485	14	Certifico de adeudos/operaciones
4289486	4	Apertura o traslado de cuenta de Ahorro
4289486	5	Certificaciones o estados de cuentas
4289486	6	Solicitud o ampliación de créditos
4289486	7	Solicitud de cheque de Gerencia
4289486	9	Operaciones de Caja
4289486	11	Trámite de beneficiarios y herederos
4289486	12	Contratación telebanca y reimpresión pin
4289486	13	Traslado de adeudos de Créditos y LGV
4289486	14	Certifico de adeudos/operaciones
4289487	4	Apertura o traslado de cuenta de Ahorro
4289487	5	Certificaciones o estados de cuentas
4289487	6	Solicitud o ampliación de créditos
4289487	7	Solicitud de cheque de Gerencia
4289487	9	Operaciones de Caja
4289487	10	Extracciones por el Cajero automático
4289487	11	Trámite de beneficiarios y herederos
4289487	12	Contratación telebanca y reimpresión pin
4289487	13	Traslado de adeudos de Créditos y LGV
4289487	14	Certifico de adeudos/operaciones
