01	Playa	23
02	Plaza de la Revolución	23
05	Regla	23
06	La Habana del Este	23
07	Guanabacoa	23
08	San Miguel del Padrón	23
09	Diez de Octubre	23
10	Cerro	23
11	Marianao	23
12	La Lisa	23
13	Boyeros	23
14	Arroyo Naranjo	23
15	Cotorro	23
01	Contramaestre	34
02	Mella	34
03	San Luis	34
04	Segundo Frente	34
05	Songo La Maya	34
07	Palma Soriano	34
08	Tercer Frente	34
10	Casa Comercial José Martí	34
11	Casa Comercial Centro	34
12	Casa Comercial Abel Santa María	34
1	Esmeralda	30
2	Minas	30
3	Nuevitas	30
4	Guáimaro	30
5	Camagüey	30
6	Florida	30
7	Vertientes	30
8	Jimaguayú	30
9	Santa Cruz del Sur	30
1	Los Palacios	21
2	Consolación del Sur	21
3	Pinar del Río	21
1	Manatí	31
2	Puerto Padre	31
3	Jesús Menéndez	31
4	Majibacoa	31
5	Las Tunas	31
6	Jobabo	31
7	Colombia	31
8	Amancio	31
