CADECA	030313	Mónaco	23	
CADECA	030316	21 y 42	23	
CADECA	033120	Alamar	23	
CADECA	033147	Belascoaín	23	
CADECA	033163	Fontanar	23	
CADECA	033269	23 y J	23	
CADECA	030334	Línea y Paseo	23	
CADECA	033291	Galería 3ra y 70	23	
CADECA	033103	Neptuno	23	
CADECA	033278	Santa Catalina	23	
CADECA	010101	Pinar del Río	21	
CADECA	010105	Viñales	21	
CADECA	010108	Consolación del Sur	21	
CADECA	010115	Sandino	21	
CADECA	010102	Calle Martí	21	
CADECA	220201	Artemisa	22	
CADECA	220205	San Antonio de los Baños	22	
CADECA	220214	Bauta	22	
CADECA	220207	San José Lajas	24	
CADECA	220209	Santa Cruz del Norte	24	
CADECA	220206	Güines	24	
CADECA	040403	Cárdenas	25	
CADECA	040407	Santa Marta	25	
CADECA	040409	Jagüey	25	
CADECA	040437	Arenas Blancas	25	
CADECA	040457	Matanzas	25	
CADECA	040450	CC 8 mil taquillas	25	
CADECA	050501	Parque Vidal	26	
CADECA	050503	Sagua la Grande	26	
CADECA	050512	Camajuaní	26	
CADECA	050506	Ciencias Médicas	26	
CADECA	050504	Caibarién	26	
CADECA	050516	Remedios	26	
CADECA	050545	La Campana	26	
CADECA	060601	Cienfuegos	27	
CADECA	060612	Punta Gorda	27	
CADECA	780701	Boulevard Sancti Spíritus	28	
CADECA	780702	Trinidad	28	
CADECA	780716	Hospital Provincial	28	
CADECA	780703	Cabaiguán	28	
CADECA	080801	Boulevard Ciego	29	
CADECA	080802	Morón	29	
CADECA	080823	La Gaviota	29	
CADECA	090901	Boulevard Camagüey	30	
CADECA	090922	Maceo	30	
CADECA	090914	Florida	30	
CADECA	090907	Esmeralda	30	
CADECA	101001	Boulevard Las Tunas	31	
CADECA	101002	Puerto Padre	31	
CADECA	111100	Holguín Frexes	32	
CADECA	111105	Boulevard Holguín	32	
CADECA	111131	Plaza Pesquero	32	
CADECA	121202	Bayamo	33	
CADECA	121203	Manzanillo	33	
CADECA	131301	Aguilera	34	
CADECA	131303	Ferreiro	34	
CADECA	131311	Palma	34	
CADECA	141401	Guantánamo	35	
CADECA	141402	Baracoa	35	
CADECA	141406	Guantánamo II	35	
CADECA	151501	Nueva Gerona	40	
GAS	22050	Casa Comercial Pinar del Río	21	
GAS	22051	Casa Comercial Matanzas	25	
GAS	4224471	Casa Comercial Planta Gas	25	
GAS	4224476	Casa Comercial Edificio Administrativo	25	
GAS	22052	Casa Comercial Villa Clara	26	
GAS	22053	Casa Comercial Cienfuegos	27	
GAS	22054	Casa Comercial Sancti Spiritus	28	
GAS	22055	Casa Comercial Ciego de Avila	29	
GAS	4223388	Casa Comercial Morón	29	
GAS	22056	Agencia Florida	30	
GAS	22057	Agencia Minas	30	
GAS	22058	Agencia Esmeralda	30	
GAS	22063	Agencia Nuevitas	30	
GAS	22062	Agencia Guáimaro	30	
GAS	22061	Agencia Vertientes	30	
GAS	22059	Agencia Santa Cruz del Sur	30	
GAS	22060	Oficina de atención Camagüey	30	
GAS	22064	Casa Comercial Las Tunas	31	
GAS	22065	Casa Comercial Moa	32	
GAS	22066	Casa Comercial Antilla	32	
GAS	22067	Casa Comercial Holguín	32	
GAS	22068	Casa Comercial Bayamo	33	
GAS	22078	Casa Comercial Manzanillo	33	
GAS	22069	Casa Comercial José Martí	34	
GAS	22070	Casa Comercial Centro	34	
GAS	22071	Casa Comercial Abel Santa María	34	
GAS	22074	Casa Comercial Contramaestre	34	
GAS	22073	Casa Comercial Palma Soriano	34	
GAS	22072	Casa Comercial Segundo Frente	34	
GAS	22075	Casa Comercial Guantánamo	35	
GAS	4248882	Casa Comercial Trámites Paseo	35	
GAS	22076	Casa Comercial Gerona	40	
GAS	22077	Casa Comercial La Fé	40	
GAS	4218386	Casa Comercial Regla	23	
GAS	4218394	Casa Comercial Playa	23	
GAS	4218407	Casa Comercial 10 de Octubre	23	
GAS	4218412	Casa Comercial Habana del Este	23	
GAS	4218415	Casa Comercial Guanabacoa	23	
GAS	4218416	Casa Comercial San Miguel P	23	
GAS	4218418	Casa Comercial Marianao	23	
GAS	4218420	Casa Comercial La Lisa	23	
GAS	4218421	Casa Comercial Boyeros	23	
GAS	4218424	Casa Comercial Arroyo Naranjo	23	
GAS	4218426	Casa Comercial Cotorro	23	
BALITA	4202844	PV C. Jardín	32	
BALITA	4202857	PV V. Nueva	32	
BALITA	4202858	PV H. Torres	32	
BALITA	4202860	PV El Coco	32	
BALITA	4202867	PV A. Piedra	32	
BALITA	4202874	PV Rafael Freyre	32	
BALITA	4202873	PV Antilla	32	
BALITA	4202862	PV Banes	32	
BALITA	4202863	PV Cueto	32	
BALITA	4202864	PV Sagua	32	
BALITA	4202865	PV Rolo	32	
BALITA	4202869	PV Playa	32	
BALITA	4202847	PV H. Aguilera	32	
BALITA	4202845	PV Plaza	32	
BALITA	4202846	PV P. D. Coello	32	
BALITA	4202848	PV P. Blanca	32	
BALITA	4202849	PV A. Urquiola	32	
BALITA	4202851	PV D. Lenin	32	
BALITA	4202852	PV Peralta	32	
BALITA	4202853	PV Hechavarría	32	
BALITA	4202854	PV Luz	32	
BALITA	4202855	PV EL Llano	32	
BALITA	4202859	PV A. Pino	32	
BALITA	4202876	PV U. Noris	32	
BALITA	4202871	PV S. Andrés	32	
BALITA	4202861	PV Progreso	32	
BALITA	4202866	PV Melilla	32	
BALITA	4202868	PV Atlántico	32	
BALITA	4202850	PV 18 Septiembre	32	
BALITA	4202856	PV E. Bárcenas	32	
BALITA	4202872	PV Coloradas	32	
BALITA	4202875	PV Gibara	32	
BALITA	4202899	PV Cacocún	32	
BALITA	4221661	PV Boqueron	35	
BALITA	4221656	PV Caimanera	35	
BALITA	4221639	PV 7 Oeste	35	
BALITA	4221643	PV 5 Sur	35	
BALITA	4221614	PV Caribe 1	35	
BALITA	4221647	PV Materno	35	
BALITA	4221653	PV Dabul	35	
BALITA	4221629	PV Caribe 3	35	
BALITA	4221651	PV San Justo	35	
BALITA	4229029	PV Centro	35	
BALITA	4220906	PV Versalles	25	
BALITA	4220920	PV Hersey	25	
BALITA	4220922	PV Marina	25	
BALITA	4220931	PV Los Mangos	25	
BALITA	4220935	PV Norte	25	
BALITA	4220944	PV Armando Mestre	25	
BALITA	4220946	PV Mocha	25	
BALITA	4220973	PV Camilo	25	
BALITA	4220951	PV Alvarez	25	
BALITA	4220970	PV Parque Maceo	25	
BALITA	4220943	PV Calzada Naranjal	25	
BALITA	4220974	PV Playa	25	
BALITA	4220976	PV 13 Plantas	25	
BALITA	4220979	PV Bellamar	25	
BALITA	4220984	PV Reynold Garcia	25	
BALITA	4220987	PV Gelpis	25	
BALITA	4220991	PV Guanabana	25	
BALITA	4220993	PV Carbonera	25	
BALITA	4249586	PV Ojeda	33	
BALITA	4249587	PV Ave. Granma	33	
BALITA	4249588	PV Rotonda Bayamo	33	
BALITA	4249589	PV Guajiro Natural	33	
BALITA	4249590	PV Chapuzón	33	
BALITA	4249591	PV Polígono	33	
BALITA	4249592	PV Ave. 1ro de Enero	33	
BALITA	4249593	PV Merchán	33	
BALITA	4249594	PV Nuevo Manzanillo	33	
BALITA	4249595	PV Las Palmas	33	
BALITA	4249596	PV El Gavilán	33	
BALITA	4249597	PV Jiguaní	33	
BALITA	4249598	PV Cauto Cristo	33	
BALITA	4249599	PV Mercado La Redonda	33	
BALITA	4252418	PV Jabaquito	33	
BALITA	4252419	PV Comercio Electrónico	33	
BALITA	4252420	PV Caymari	33	
BALITA	4248450	PV Pastorita	27	
BALITA	4248451	PV Reina	27	
BALITA	4248452	PV Arizona	27	
BALITA	4248453	PV Tulipán	27	
BALITA	4248454	PV 50 y 51	27	
BALITA	4248455	PV Junco Sur	27	
BALITA	4248456	PV P. Grifo	27	
BALITA	4248457	PV Punta Cotica	27	
BALITA	4248458	PV San Lázaro	27	
BALITA	4248459	PV Playa Alegre	27	
BALITA	4248460	PV Punta Gorda	27	
BALITA	4248461	PV CEN	27	
BALITA	4248462	PV Obourke	27	
BALITA	4248463	PV Caonao	27	
BALITA	4248464	PV Buena Vista	27	
BALITA	4248465	PV Paraíso	27	
BALITA	4248466	PV Guaos	27	
BALITA	4248467	PV Pepito Tey	27	
BALITA	4248468	PV Rancho Luna	27	
BALITA	4255490	PV 26 de Julio	40	
BALITA	4255487	PV La Lonja	40	
BALITA	4255486	PV La Nueva	40	
BALITA	4255491	PV Morito	40	
BALITA	4255488	PV Nazareno	40	
BALITA	4255485	PV Panel	40	
BALITA	4255484	PV Purial	40	
BALITA	4255489	PV Sierra Caballo	40	
BALITA	4256194	PV Sur	29	
BALITA	4256198	PV Lugones	29	
BALITA	4256195	PV Maceo	29	
BALITA	4256196	PV Marcial	29	
BALITA	4256191	PV Micro A1	29	
BALITA	4256192	PV Micro A2	29	
BALITA	4256193	PV Micro C	29	
BALITA	4256197	PV Ortiz	29	
BALITA	4256238	PV Olivos 1	28	
BALITA	4256239	PV Olivos 2	28	
BALITA	4256240	PV Garaita	28	
BALITA	4256241	PV Santa Cruz	28	
BALITA	4256242	PV Huerto Escolar	28	
BALITA	4256243	PV Camino de La Habana	28	
BALITA	4256244	PV Parque	28	
BALITA	4256245	PV Jesus María	28	
BALITA	4256246	PV Colón	28	
BALITA	4256247	PV Reparto Pina	28	
BALITA	4256173	PV América Latina	26	
BALITA	4256174	PV Antón Díaz	26	
BALITA	4256175	PV Base Aerea	26	
BALITA	4256176	PV Cardoso	26	
BALITA	4256177	PV Centro	26	
BALITA	4256178	PV Chambery	26	
BALITA	4256179	PV Dafar	26	
BALITA	4256180	PV Escambray	26	
BALITA	4256181	PV Hatillo	26	
BALITA	4256182	PV José Martí	26	
BALITA	4256183	PV Lázaro Cárdenas	26	
BALITA	4256184	PV Maleza	26	
BALITA	4256185	PV Manajanabo	26	
BALITA	4256186	PV Sakenaf	26	
BALITA	4256187	PV Sub Planta	26	
BALITA	4256188	PV Virginia Comercial	26	
BALITA	4256189	PV Virginia 3	26	
BALITA	4256190	PV Yabu	26	
BALITA	4226326	PV Villa Panamericana	23	06
BALITA	4226664	PV Alfredo López	23	14
BALITA	4226673	PV Anita e/ A y B	23	14
BALITA	4226231	PV Cojímar 2	23	06
BALITA	4226241	PV Camilo 1	23	06
BALITA	4226305	PV Celimar	23	06
BALITA	4226494	PV Managua 1	23	14
BALITA	4226658	PV 9na y 4ta, Parcelación	23	14
BALITA	4226307	PV Tarará	23	06
BALITA	4226669	PV Ponce	23	14
BALITA	4226247	PV Guiteras 1	23	06
BALITA	4226258	PV Guiteras 2	23	06
BALITA	4226236	PV Cojímar 3	23	06
BALITA	4226275	PV A. Marbella	23	06
BALITA	4226310	PV Guiteras 4	23	06
BALITA	4226498	PV Managua 2	23	14
BALITA	4226682	PV María Luisa	23	14
BALITA	4226185	PV Alamar 11	23	06
BALITA	4226219	PV Micro X	23	06
BALITA	4226503	PV La Solita	23	14
BALITA	4226663	PV Remedios	23	14
BALITA	4226251	PV Guanabo 1	23	06
BALITA	4226333	PV Diez de Octubre	23	09
BALITA	4226660	PV Martí	23	14
BALITA	4226677	PV Mayía Rodríguez	23	14
BALITA	4226698	PV Jacomino	23	08
BALITA	4226699	PV Monterrey	23	08
BALITA	4226700	PV Rosalía	23	08
BALITA	4226701	PV Luyanó Moderno	23	08
BALITA	4226702	PV Mirador	23	08
BALITA	4226703	PV Ciudamar	23	08
BALITA	4226704	PV 8 Vías	23	08
BALITA	4226705	PV 2da Ampliación	23	08
BALITA	4226706	PV Afán	23	08
BALITA	4226707	PV Longa	23	08
BALITA	4226708	PV Merceditas	23	08
BALITA	4226709	PV Mayor	23	08
BALITA	4226710	PV Guadalupe	23	08
BALITA	4226711	PV California	23	08
BALITA	4226712	PV María Cristina	23	08
BALITA	4226713	PV Los Ángeles	23	08
BALITA	4226714	PV Dolores	23	08
BALITA	4226715	PV Cumbre	23	08
BALITA	4226716	PV Romanech	23	08
BALITA	4226717	PV Siboney y C	23	08
BALITA	4226718	PV Caraballo	23	08
BALITA	4226719	PV Villalobos	23	08
BALITA	4226720	PV Las Piedras	23	08
BALITA	4226721	PV 2da y Guarina	23	08
BALITA	4226722	PV Reboledo	23	08
BALITA	4226723	PV San Matías	23	08
BALITA	4226724	PV La Granja	23	08
BALITA	4226725	PV Cambute	23	08
BALITA	4226726	PV La Rosita	23	08
BALITA	4226728	PV La Corea	23	08
BALITA	4226729	PV Diezmero 2	23	08
BALITA	4226263	PV Reparto	23	06
BALITA	4226309	PV Boca Ciega	23	06
BALITA	4226667	PV F y 2da, Güinera	23	14
BALITA	4226330	PV Eléctrico	23	14
BALITA	4226347	PV Parque y Entrada	23	14
BALITA	4226181	PV Alamar 6	23	06
BALITA	4226222	PV Alamar 19	23	06
BALITA	4226228	PV Cojímar 1	23	06
BALITA	4226349	PV Cuba y Tunicú	23	14
BALITA	4226348	PV Don Tomás y Mirador	23	14
BALITA	4226483	PV Rodríguez de Armas	23	14
BALITA	4226196	PV Alamar 15	23	06
BALITA	4226245	PV Cabaña	23	06
BALITA	4226286	PV Caserío Guanabo	23	06
BALITA	4226254	PV Guanabo 2	23	06
BALITA	4226259	PV Campo Florido	23	06
BALITA	4226202	PV Alamar 25	23	06
BALITA	4226285	PV 508 y 5ta C	23	06
BALITA	4226291	PV Guiteras 3	23	06
BALITA	4226209	PV Alamar 1	23	06
BALITA	4226217	PV Alamar 24	23	06
BALITA	4226243	PV Camilo 2	23	06
BALITA	4226320	PV Sibarimar	23	06
BALITA	4226327	PV Boulevard	23	06
BALITA	4226271	PV Bajurayabo	23	06
BALITA	4226492	PV Frank País	23	14
BALITA	4226501	PV 6ta y 2da, Mantilla	23	14
BALITA	4226684	PV Esperanza y Franklin	23	14
BALITA	4226180	PV Alamar 5	23	06
BALITA	4226277	PV La Coca	23	06
BALITA	4226300	PV Justiz Abajo	23	06
BALITA	4226346	PV Estrella y Nueva Gerona	23	14
BALITA	4226391	PV Poey 1	23	14
BALITA	4226188	PV Alamar 12	23	06
BALITA	4226324	PV El Yoyo	23	06
BALITA	4226489	PV Lechuga	23	14
BALITA	4226656	PV Las Lajas	23	14
BALITA	4226396	PV Poey 2	23	14
BALITA	4226487	PV Las Guasimas	23	14
BALITA	4226662	PV Marrero	23	14
BALITA	4226671	PV Callejón del Muerto	23	14
BALITA	4226679	PV Pasaje Herrera	23	14
BALITA	4226681	PV Hatuey y Pinar del Río	23	14
BALITA	4226683	PV Matanzas	23	14
BALITA	4226694	PV Veracruz	23	08
BALITA	4226695	PV Diezmero	23	08
BALITA	4226697	PV San Juan de los Pinos	23	08
BALITA	4226184	PV Alamar 7	23	06
BALITA	4226279	PV 472 y 7ma	23	06
BALITA	4226884	PV Gertrudis y DStrampes	23	09
BALITA	4226885	PV Goicuría y Espadero	23	09
BALITA	4226886	PV A e 16 y 17	23	09
BALITA	4226887	PV Gertrudis y Finlay	23	09
BALITA	4226888	PV 15 y Eduardo Lores	23	09
BALITA	4226889	PV 23 y Comezanas	23	09
BALITA	4226890	PV 9na e/ D y E	23	09
BALITA	4226891	PV 9na y Lagueruela	23	09
BALITA	4226892	PV Aguilera y Lugareño	23	09
BALITA	4226893	PV B y Martinez	23	09
BALITA	4226894	PV 11 e A y B	23	09
BALITA	4227073	PV Com. Revolución	23	13
BALITA	4227074	PV Mazorra	23	13
BALITA	4227360	PV Nalón	23	07
BALITA	4227361	PV Roble	23	07
BALITA	4227362	PV Chivás	23	07
BALITA	4227363	PV D' Beche	23	07
BALITA	4227364	PV Calle Real Sta. Fé	23	07
BALITA	4227365	PV La Ceiba	23	07
BALITA	4227366	PV Bertematti	23	07
BALITA	4227367	PV Habana Nueva	23	07
BALITA	4227368	PV Versalles	23	07
BALITA	4227369	PV Dr. Mora	23	07
BALITA	4227370	PV La Previsora	23	07
BALITA	4227371	PV Mañana	23	07
BALITA	4227372	PV Sta. María	23	07
BALITA	4227373	PV Barreto	23	07
BALITA	4227374	PV Apodaca	23	07
BALITA	4227375	PV Calixto García y Dguez.	23	07
BALITA	4227376	PV La Gallega	23	07
BALITA	4227377	PV Azotea	23	07
BALITA	4227378	PV Cubana de Bronce	23	07
BALITA	4227379	PV Villa María	23	07
BALITA	4227380	PV La Yuca	23	07
BALITA	4227381	PV Peñalver	23	07
BALITA	4227382	PV Los Mangos	23	07
BALITA	4227383	PV Bacuranao	23	07
BALITA	4227384	PV El Repollo	23	07
BALITA	4227385	PV Alecrín	23	07
BALITA	4227386	PV La Lima	23	07
BALITA	4227387	PV Escala	23	07
BALITA	4227388	PV Ricabal	23	07
BALITA	4227389	PV Barrera	23	07
BALITA	4227390	PV La Pelá	23	07
BALITA	4227391	PV Arango	23	07
BALITA	4227392	PV Minas	23	07
BALITA	4227393	PV Sepultura	23	07
BALITA	4227394	PV Roble Hata	23	07
BALITA	4227395	PV Fuente y Obispo	23	07
BALITA	4227473	PV 119 y 120, Toledo	23	11
BALITA	4227474	PV 134 y 57, La Ceiba	23	11
BALITA	4227475	PV 130 y 41	23	11
BALITA	4227476	PV 96 y 67	23	11
BALITA	4227477	PV El Palmar 128B y 95	23	11
BALITA	4227478	PV Puente Nuevo	23	11
BALITA	4227479	PV 102 y 33, Los Hornos	23	11
BALITA	4227480	PV 67 y 114 Los Ángeles	23	11
BALITA	4227481	PV 33 y 128	23	11
BALITA	4227482	PV 142 y 41	23	11
BALITA	4227483	PV 132 y 85	23	11
BALITA	4227484	PV 112 e/ 41 y 43	23	11
BALITA	4227485	PV 122 y 63	23	11
BALITA	4227486	PV Husillo	23	11
BALITA	4227487	PV Andrade	23	11
BALITA	4227498	PV 10 de Oct. y C. de Regla	23	05
BALITA	4227499	PV C. Cfgos. y V. Dapena	23	05
BALITA	4227500	PV 4ta y C. Modelo	23	05
BALITA	4227501	PV Díaz Benítez y Aranguren	23	05
BALITA	4227502	PV Camino de la Virgen y C	23	05
BALITA	4227503	PV Casablanca	23	05
BALITA	4227504	PV Artex y Animas	23	05
BALITA	4227505	PV Carretera del Asilo	23	05
BALITA	4227506	PV Recreo y Agramonte	23	05
BALITA	4227507	PV San Luis y C	23	05
BALITA	4227508	PV Calixto García esq. Aran	23	05
BALITA	4226937	PV El Cano	23	12
BALITA	4226938	PV 81 y 236, Bello 26	23	12
BALITA	4226939	PV Palenque	23	12
BALITA	4226940	PV Fraga	23	12
BALITA	4226941	PV 170 y 51	23	12
BALITA	4226942	PV San Agustin 4	23	12
BALITA	4226943	PV 45 y 154, Versalles 2	23	12
BALITA	4226944	PV Los leones	23	12
BALITA	4226945	PV Cruz de Piedra	23	12
BALITA	4226946	PV Alturas de la Lisa	23	12
BALITA	4226947	PV Bar Madera	23	12
BALITA	4226948	PV Los Avioncitos	23	12
BALITA	4226949	PV El Morado	23	12
BALITA	4227022	PV Mulgoba 1	23	13
BALITA	4227023	PV Lutgardita 1	23	13
BALITA	4227024	PV A. Sta María 1	23	13
BALITA	4227025	PV Fontanar 1	23	13
BALITA	4227026	PV Altahabana 1	23	13
BALITA	4227027	PV Embill	23	13
BALITA	4227028	PV A. Sta María 2	23	13
BALITA	4227029	PV Altahabana 2	23	13
BALITA	4227030	PV Stgo. Vegas	23	13
BALITA	4227031	PV 5ta y Carlos Nuñez	23	13
BALITA	4227032	PV Wajay	23	13
BALITA	4227033	PV Río Verde	23	13
BALITA	4227034	PV Villa Nueva	23	13
BALITA	4227035	PV La Aurora	23	13
BALITA	4227036	PV Capdevila	23	13
BALITA	4227037	PV Panamérica	23	13
BALITA	4227038	PV 1ro de Mayo	23	13
BALITA	4227039	PV Rincón	23	13
BALITA	4227040	PV Sierra Maestra 1	23	13
BALITA	4227041	PV La Catalina	23	13
BALITA	4227042	PV Beatriz esquina 10	23	13
BALITA	4227043	PV J. M. Márquez	23	13
BALITA	4227044	PV El Chico	23	13
BALITA	4227045	PV Fontanar 2	23	13
BALITA	4227046	PV Mulgoba 2	23	13
BALITA	4227047	PV Sierra Maestra 2	23	13
BALITA	4227048	PV Lutgardita 2	23	13
BALITA	4227049	PV Nazareno	23	13
BALITA	4227050	PV Dinorah	23	13
BALITA	4227051	PV Calabazar	23	13
BALITA	4227052	PV El Globo	23	13
BALITA	4227053	PV Las Cañas	23	13
BALITA	4227054	PV Parajón	23	13
BALITA	4227055	PV Trébol García	23	13
BALITA	4227056	PV Berenguer	23	13
BALITA	4227057	PV Los Cocos	23	13
BALITA	4227058	PV Nacional y 13	23	13
BALITA	4227059	PV La Fortuna	23	13
BALITA	4227060	PV Miraflores Viejo	23	13
BALITA	4227061	PV Miraflores Nuevo	23	13
BALITA	4227062	PV María del Carmen	23	13
BALITA	4227063	PV Cacahual	23	13
BALITA	4227064	PV Aguada del Cura	23	13
BALITA	4227065	PV Murgas	23	13
BALITA	4227066	PV Nueva Aurora	23	13
BALITA	4227067	PV Torrens	23	13
BALITA	4227068	PV Carbo Servia	23	13
BALITA	4227069	PV El Gavilán	23	13
BALITA	4227070	PV Com. Los Cocos	23	13
BALITA	4227071	PV Com. Lutgardita	23	13
BALITA	4227072	PV Res. Almendares	23	13
BALITA	4227151	PV Alberro 1	23	15
BALITA	4227152	PV C. Caminos	23	15
BALITA	4227153	PV Sta. María	23	15
BALITA	4227154	PV América	23	15
BALITA	4227155	PV San Pedro	23	15
BALITA	4227156	PV Cruz Verde	23	15
BALITA	4227157	PV Calle 16, Paraíso	23	15
BALITA	4227158	PV La Purísima	23	15
BALITA	4227159	PV Alberro 2	23	15
BALITA	4227160	PV Sta. Ana	23	15
BALITA	4227161	PV Vista Alegre	23	15
BALITA	4227162	PV Las Delicias	23	15
BALITA	4227163	PV La Portada	23	15
BALITA	4227164	PV Lotería	23	15
BALITA	4227165	PV Sta. Amelia	23	15
BALITA	4227166	PV Torriente	23	15
BALITA	4227167	PV C. Cotorro	23	15
BALITA	4227396	PV 26 y Sta Rosa	23	02
BALITA	4227397	PV El Bosque	23	02
BALITA	4227398	PV El Fanguito	23	02
BALITA	4227399	PV Estancia y Lombillo	23	02
BALITA	4227400	PV Mariposa	23	02
BALITA	4227401	PV La Tropical	23	02
BALITA	4227402	PV Vedado	23	02
BALITA	4226855	PV 9na y 112, Romerillo	23	01
BALITA	4226856	PV 1ra y 296, Sta Fé	23	01
BALITA	4226857	PV 17 y 78	23	01
BALITA	4226858	PV 1ra y 172, Flores	23	01
BALITA	4226859	PV 214 y 198, Siboney	23	01
BALITA	4226860	PV 23 y 308, Barbosa	23	01
BALITA	4226861	PV 3ra y 238, Jaimanita	23	01
BALITA	4226862	PV 156 y 1ra, Náutico	23	01
BALITA	4226863	PV 19B y 214, Atabey	23	01
BALITA	4226864	PV Juan Manuel Márquez	23	01
BALITA	4226865	PV 7ma Y 92A	23	01
BALITA	4226866	PV 190 y 37, Genética	23	01
BALITA	4226867	PV 3ra y 306, Bajo de Santa Fé	23	01
BALITA	4226868	PV Puente Grande	23	01
BALITA	4226869	PV Jaimanitas	23	01
BALITA	4226870	PV 306 e/ 17 y 19, Roble	23	01
BALITA	4226871	PV Cubanacán	23	01
BALITA	4226899	PV 4ta e/ 3ra y 5ta Casino D.	23	10
BALITA	4226900	PV Ave. del Este	23	10
BALITA	4226901	PV Ave. del Sur y Lazada 1	23	10
BALITA	4226902	PV 12 y Canal C. Deport.	23	10
BALITA	4226903	PV Ayestarán y Domínguez	23	10
BALITA	4226904	PV Martí e Independencia	23	10
BALITA	4226906	PV Fábrica y Aspuro	23	10
BALITA	4226907	PV La Guayaba	23	10
BALITA	4226923	PV San Agustin 1	23	12
BALITA	4226924	PV 252 y 37, San Agustin 2	23	12
BALITA	4226925	PV 44 y 251, Punta Brava	23	12
BALITA	4226926	PV XX Aniversario	23	12
BALITA	4226927	PV 77 y 216	23	12
BALITA	4226928	PV San Agustin 3	23	12
BALITA	4226929	PV 97 y 202, Novoa	23	12
BALITA	4226930	PV La Coronela	23	12
BALITA	4226931	PV Valle Grande	23	12
BALITA	4226932	PV 44 y 279, Guatao	23	12
BALITA	4226933	PV 67 y 218	23	12
BALITA	4226934	PV Arroyo Arenas	23	12
BALITA	4226935	PV La Concepción	23	12
BALITA	4226936	PV 39 y 186, Versalles	23	12
BALITA	4226905	PV 120B y 27, Las Piedras	23	11
BALITA	4252475	PV Palma Soriano	34	07
BALITA	4252476	PV San Luis	34	03
BALITA	4252477	PV Mella	34	02
BALITA	4252478	PV Baraguá	34	02
BALITA	4252480	PV Contramaestre	34	01
BALITA	4252481	PV Tercer Frente	34	08
BALITA	4252482	PV Segundo Frente	34	04
BALITA	4252483	PV La Maya Este	34	05
BALITA	4252484	PV La Maya Oeste	34	05
BALITA	4252423	PV 11 Santa Elena	34	10
BALITA	4252424	PV 12 Marimón	34	10
BALITA	4252425	PV 13 Agüero	34	10
BALITA	4252426	PV 14 Micro 10- La risueña	34	10
BALITA	4252427	PV 15 Los Pinos	34	10
BALITA	4252428	PV 16 San Pedrito	34	10
BALITA	4252429	PV 17 Avenida Patria	34	10
BALITA	4252430	PV 19 Los Cocos	34	10
BALITA	4252431	PV 59 Bloque C	34	10
BALITA	4252432	PV 60 Bloque D	34	10
BALITA	4252433	PV 61 Bloque G-H	34	10
BALITA	4252434	PV 62 Bloque J	34	10
BALITA	4252435	PV 63 Micro 9 Alto	34	10
BALITA	4252436	PV 64 Micro 8	34	10
BALITA	4252437	PV 65 Micro 9 Bajo	34	10
BALITA	4252438	PV 66 Micro 7 Alto	34	10
BALITA	4252439	PV 67 Micro 7 Bajo	34	10
BALITA	4252440	PV 68 El Cobre	34	10
BALITA	4252441	PV 69 Melgarejo	34	10
BALITA	4252442	PV 70 Boniato	34	10
BALITA	4252443	PV 71 Cubitas	34	10
BALITA	4252444	PV 72 Santa María	34	10
BALITA	4252445	PV 84 El Espaldillo	34	10
BALITA	4252446	PV 87 San Vicente	34	10
BALITA	4252447	PV 95 El Castillo	34	10
BALITA	4252449	PV 9 Versalles	34	11
BALITA	4252450	PV 10 CU Antonio Maceo	34	11
BALITA	4252451	PV 18 Los Holmos	34	11
BALITA	4252452	PV 37 Asunción	34	11
BALITA	4252453	PV 38 Rpto. Municipal	34	11
BALITA	4252454	PV 39 EL Polvorín	34	11
BALITA	4252455	PV 40 Ctra. del Morro	34	11
BALITA	4252456	PV 41 Calle F, Altamira	34	11
BALITA	4252457	PV 42 Ciudamar	34	11
BALITA	4252458	PV 43 Venceremos	34	11
BALITA	4252459	PV 44 Veguita de Galo	34	11
BALITA	4252460	PV 45 Vista Hermosa	34	11
BALITA	4252461	PV 46 Reparto Mármol	34	11
BALITA	4252462	PV 47 Ateneo	34	11
BALITA	4252463	PV 48 Calle K, Chicharrones	34	11
BALITA	4252464	PV 57 Calle A, Vista Hermosa	34	11
BALITA	4252465	PV 58 Sorribes	34	11
BALITA	4252466	PV 73 Princesa	34	11
BALITA	4252467	PV 74 Carlos Duboys	34	11
BALITA	4252468	PV 75 San Germán	34	11
BALITA	4252469	PV 76 Gallo	34	11
BALITA	4252470	PV 77 Habana	34	11
BALITA	4252471	PV 78 San Félix	34	11
BALITA	4252472	PV 79 Trinidad	34	11
BALITA	4252473	PV 81 San Carlos	34	11
BALITA	4252487	PV 1 Micro 3	34	12
BALITA	4252488	PV 2 Micro 3	34	12
BALITA	4252489	PV 3 Micro 3	34	12
BALITA	4252490	PV 4 Micro 1 A	34	12
BALITA	4252491	PV 5 Micro 1 B	34	12
BALITA	4252492	PV 6 Micro 2	34	12
BALITA	4252493	PV 7 Rajayoga	34	12
BALITA	4252494	PV 8 Rpto. Pastorita	34	12
BALITA	4252495	PV 20 Rpto. 30 de Noviembre	34	12
BALITA	4252496	PV 21 Rpto. Sueño	34	12
BALITA	4252497	PV 22 Escario, 18 Plantas	34	12
BALITA	4252498	PV 23 Escario, 18 Plantas	34	12
BALITA	4252499	PV 24 Vista Alegre	34	12
BALITA	4252500	PV 25 Vitiry	34	12
BALITA	4252501	PV 26 La Estrellita	34	12
BALITA	4252502	PV 27 Rpto. Flores	34	12
BALITA	4252503	PV 33 Jose Martí, Caney	34	12
BALITA	4252504	PV 34 Las Flores, Caney	34	12
BALITA	4252505	PV 35 Santa Teresa, Caney	34	12
BALITA	4252506	PV 36 Terraza, Rpto. Militar	34	12
BALITA	4252507	PV 82 El Cristo	34	12
BALITA	4252509	PV 85 Siboney	34	12
BALITA	4252508	PV 88 Sevilla	34	12
BALITA	4256207	PV Mella 1	30	5
BALITA	4256208	PV Previsora	30	5
BALITA	4256209	PV Lenin	30	5
BALITA	4256210	PV Planta Mecánica	30	5
BALITA	4256211	PV Santayana	30	5
BALITA	4256212	PV Mercedes	30	5
BALITA	4256213	PV El Retiro	30	5
BALITA	4256214	PV Zambrana	30	5
BALITA	4256215	PV Puerto Príncipe	30	5
BALITA	4256216	PV Mella 2	30	5
BALITA	4256217	PV Altagracia	30	5
BALITA	4256218	PV Plaza Méndez	30	5
BALITA	4256219	PV Garrido	30	5
BALITA	4256220	PV Yaba	30	5
BALITA	4256221	PV Agramonte	30	5
BALITA	4256222	PV Guernica	30	5
BALITA	4256223	PV Juruquey	30	5
BALITA	4256224	PV Sánchez Soto	30	5
BALITA	4256234	PV Planta Gas Licuado	30	5
BALITA	4256227	PV Nuevitas	30	3
BALITA	4256226	PV Agencia Nuevitas	30	3
BALITA	4256228	PV Minas	30	2
BALITA	4256229	PV Guáimaro	30	4
BALITA	4256230	PV Vertientes	30	7
BALITA	4256231	PV Sta Cruz	30	9
BALITA	4256232	PV Florida	30	6
BALITA	4256233	PV Esmeralda	30	1
BALITA	4256225	PV Jimaguayú	30	8
BALITA	4255520	PV Los Palacios	21	1
BALITA	4255521	PV Consolacion del Sur 1	21	2
BALITA	4255522	PV Consolacion del Sur 2	21	2
BALITA	4255508	PV Hnos. Cruz 1	21	3
BALITA	4255509	PV Hnos. Cruz 2	21	3
BALITA	4255510	PV Hnos. Cruz 3	21	3
BALITA	4255518	PV Ceferino Fernández	21	3
BALITA	4255517	PV Cuba Libre	21	3
BALITA	4255512	PV Raul Sánchez	21	3
BALITA	4255513	PV Carlos Manuel	21	3
BALITA	4255514	PV Hnos Barcón	21	3
BALITA	4255515	PV Celso Maragoto	21	3
BALITA	4255519	PV 10 de Octubre	21	3
BALITA	4255511	PV Villamil	21	3
BALITA	4255516	PV Guanajera	21	3
BALITA	4222325	PV Lora	31	5
BALITA	4222324	PV Cementerio	31	5
BALITA	4222323	PV Sto. Domingo	31	5
BALITA	4222316	PV Las 40	31	5
BALITA	4222315	PV Buena Vista	31	5
BALITA	4222313	PV La Victoria	31	5
BALITA	4222314	PV Los Pinos	31	5
BALITA	4222311	PV San Antonio	31	5
BALITA	4222306	PV Jesús Menéndez	31	3
BALITA	4222304	PV Puerto Padre 1	31	2
BALITA	4222301	PV Puerto Padre 2	31	2
BALITA	4222299	PV Majibacoa	31	4
BALITA	4222295	PV Amancio	31	8
BALITA	4222196	PV Manatí	31	1
BALITA	4222195	PV Colombia	31	7
BALITA	4222194	PV Jobabo	31	6
BANK	4289476	247 - Sucursal 23 y Montero	23	
BANK	4289477	250 - Línea y Paseo	23	
BANK	4289478	280 - Sucursal de Guanabacoa	23	
BANK	4289479	286 - San Miguel del Padron	23	
BANK	4289480	308 - Obispo y Cuba	23	
BANK	4289481	313 - Sucursal Marianao Le Van Tan	23	
BANK	4289483	266 - Sucursal O Reilly y Compostela	23	
BANK	4289482	262 - Cuba y Oreily	23	
BANK	4289484	248 - Focsa	23	
BANK	4289485	274 - Centro Comercial Alamar	23	
BANK	4289486	300 - 10 de Octubre y Lacret	23	
BANK	4289487	326 - Boyeros	23	
