5	Sello de 5 CUP	CUP
10	Sello de 10 CUP	CUP
15	Sello de 15 CUP	CUP
20	Sello de 20 CUP	CUP
25	Sello de 25 CUP	CUP
30	Sello de 30 CUP	CUP
40	Sello de 40 CUP	CUP
50	Sello de 50 CUP	CUP
60	Sello de 60 CUP	CUP
80	Sello de 80 CUP	CUP
100	Sello de 100 CUP	CUP
125	Sello de 125 CUP	CUP
200	Sello de 200 CUP	CUP
250	Sello de 250 CUP	CUP
375	Sello de 375 CUP	CUP
500	Sello de 500 CUP	CUP
625	Sello de 625 CUP	CUP
750	Sello de 750 CUP	CUP
1000	Sello de 1000 CUP	CUP
1250	Sello de 1250 CUP	CUP
1375	Sello de 1375 CUP	CUP
1500	Sello de 1500 CUP	CUP
1875	Sello de 1875 CUP	CUP
2000	Sello de 2000 CUP	CUP
2500	Sello de 2500 CUP	CUP
5000	Sello de 5000 CUP	CUP
