61	61
63	63
65	65
66	66
67	67
72	72
73	73
77	77
78	78
79	79
80	80
81	81
82	82
83	83
84	84
85	85
86	86
87	87
88	88
89	89
90	90
91	91
92	92
93	93
95	95
102	102
103	103
104	104
105	105
106	106
107	107
108	108
109	109
110	110
111	111
112	112
115	115
117	117
118	118
120	120
121	121
122	122
123	123
124	124
125	125
126	126
127	127
128	128
131	131
132	132
134	134
135	135
136	136
137	137
138	138
139	139
140	140
142	142
144	144
145	145
146	146
148	148
150	150
151	151
152	152
153	153
154	154
155	155
164	164
166	166
174	174
178	178
179	179
180	180
181	181
182	182
184	184
185	185
186	186
187	187
188	188
190	190
191	191
192	192
193	193
194	194
195	195
196	196
197	197
198	198
199	199
200	200
201	201
202	202
217	217
